[
    {
        "id": "100",
        "nickJogador": "s1mple",
        "nameJogador": "Oleksandr Kostyliev",
        "countryJogador": "Ucrânia",
        "countryPhotoJogador": "https://cdn.discordapp.com/attachments/1152325417483649078/1156299444699013200/uk.png?ex=65147746&is=651325c6&hm=967a7d75506509f78ddad395cee4cf30b432b013bac77000987889a70c5476a1&",
        "birthdayJogador": "2/10/1997",
        "photoJogador": "https://prosettings.net/cdn-cgi/image/dpr=1%2Cf=auto%2Cfit=contain%2Cheight=240%2Cq=99%2Csharpen=1%2Cwidth=240/wp-content/uploads/s1mple.png",
        "teamJogador": "Natus Vincere",
        "teamPhotoJogador": "https://cdn.discordapp.com/attachments/1152325417483649078/1156300026075680910/natus-vincere.png?ex=651477d1&is=65132651&hm=56c44fbad0d288daf202f1e25fa388d33dee187349da631f7112225ec81c308d&"
    },
    {
        "id": "101",
        "nickJogador": "NiKo",
        "nameJogador": "Nikola Kovač",
        "countryJogador": "Bósnia & Herzegovina",
        "countryPhotoJogador": "https://cdn.discordapp.com/attachments/1152325417483649078/1156301198878593135/ba.png?ex=651478e8&is=65132768&hm=94a7b55d2a5f9bd321b9322dc08f3b6f3a393e449426b0cca35d9437863d765a&",
        "birthdayJogador": "16/02/1997",
        "photoJogador": "https://prosettings.net/cdn-cgi/image/dpr=1%2Cf=auto%2Cfit=contain%2Cheight=240%2Cq=99%2Csharpen=1%2Cwidth=240/wp-content/uploads/niko.png",
        "teamJogador": "G2 Esports",
        "teamPhotoJogador": "https://cdn.discordapp.com/attachments/1152325417483649078/1156301823204925480/g2-esports.png?ex=6514797d&is=651327fd&hm=9f183cdc606e3907154c656b9c145ab4104f7bbee04dd9ec352186df7f34082d&"
    },
    {
        "id": "102",
        "nickJogador": "m0NESY",
        "nameJogador": "Ilya Osipov",
        "countryJogador": "Russia",
        "countryPhotoJogador": "https://cdn.discordapp.com/attachments/1152325417483649078/1156302210003636386/ru.png?ex=651479d9&is=65132859&hm=4336d1b52ea7ecc34d7b064fb8663607780f0a687ba82f9ff0dbca9263ce9139&",
        "birthdayJogador": "01/05/2005",
        "photoJogador": "https://prosettings.net/cdn-cgi/image/dpr=1%2Cf=auto%2Cfit=contain%2Cheight=240%2Cq=99%2Csharpen=1%2Cwidth=240/wp-content/uploads/m0nesy.png",
        "teamJogador": "G2 Esports",
        "teamPhotoJogador": "https://cdn.discordapp.com/attachments/1152325417483649078/1156301823204925480/g2-esports.png?ex=6514797d&is=651327fd&hm=9f183cdc606e3907154c656b9c145ab4104f7bbee04dd9ec352186df7f34082d&"
    },
    {
        "id": "103",
        "nickJogador": "b1t",
        "nameJogador": "Valerii Vakhovskyi",
        "countryJogador": "Ucrânia",
        "countryPhotoJogador": "https://cdn.discordapp.com/attachments/1152325417483649078/1156299444699013200/uk.png?ex=65147746&is=651325c6&hm=967a7d75506509f78ddad395cee4cf30b432b013bac77000987889a70c5476a1&",
        "birthdayJogador": "05/01/2003",
        "photoJogador": "https://prosettings.net/cdn-cgi/image/dpr=1%2Cf=auto%2Cfit=contain%2Cheight=240%2Cq=99%2Csharpen=1%2Cwidth=240/wp-content/uploads/b1t.png",
        "teamJogador": "Natus Vincere",
        "teamPhotoJogador": "https://cdn.discordapp.com/attachments/1152325417483649078/1156300026075680910/natus-vincere.png?ex=651477d1&is=65132651&hm=56c44fbad0d288daf202f1e25fa388d33dee187349da631f7112225ec81c308d&"
    },
    {
        "id": "104",
        "nickJogador": "FalleN",
        "nameJogador": "Gabriel Todelo",
        "countryJogador": "Brasil",
        "countryPhotoJogador": "https://media.discordapp.net/attachments/1152325417483649078/1157043088892633169/br.png?ex=65172bd9&is=6515da59&hm=8021ade5028f821b43192affb650fa73080a50660b22fa2473a9bda451e2c965&=&width=1024&height=1024",
        "birthdayJogador": "30/05/1991",
        "photoJogador": "https://prosettings.net/cdn-cgi/image/dpr=1%2Cf=auto%2Cfit=contain%2Cheight=400%2Cq=99%2Csharpen=1%2Cwidth=400/wp-content/uploads/fallen.png"
        "teamJogador": "Furia",
        "teamPhotoJogador" "https://cdn.discordapp.com/attachments/1152325417483649078/1156274764646715402/furia.png?ex=6517034a&is=6515b1ca&hm=a7bd8f052c4f675527c1982ca93147f5f3d8d571c1a1affb2e5df6ab3deb4c36&"
    }
]
