[
    
    {
        "id": "210",
        "nickJogador": "ImperialHal",
        "nameJogador": "Philip Dosen",
        "countryJogador": "Estados Unidos",
        "countryPhotoJogador": "https://cdn.discordapp.com/attachments/1152325417483649078/1157048508734521465/us.png?ex=651730e5&is=6515df65&hm=4eb9de86602dcbbcd4fbc7eea7944f1edefc3ecb752073edd61d6157350fc0a8&",
        "birthdayJogador": "31/05/1999",
        "photoJogador":  "https://prosettings.net/cdn-cgi/image/dpr=1%2Cf=auto%2Cfit=contain%2Cheight=400%2Cq=99%2Csharpen=1%2Cwidth=400/wp-content/uploads/imperialhal.png",
        "teamJogador": "TSM",
        "teamPhotoJogador": "https://cdn.discordapp.com/attachments/1152325417483649078/1157054830154633286/tsm.png?ex=651736c8&is=6515e548&hm=a0d1128780c80d915683922707c22bf8d93a752366c77d40f29e2606347aed6a&"
    },
    
    {
        "id": "211",
        "nickJogador": "Apryze",
        "nameJogador": "Anthony Andrade",
        "countryJogador": "Estados Unidos",
        "countryPhotoJogador": "https://cdn.discordapp.com/attachments/1152325417483649078/1157048508734521465/us.png?ex=651730e5&is=6515df65&hm=4eb9de86602dcbbcd4fbc7eea7944f1edefc3ecb752073edd61d6157350fc0a8&",
        "birthdayJogador": "19/01/1999",
        "photoJogador": "https://prosettings.net/cdn-cgi/image/dpr=1%2Cf=auto%2Cfit=contain%2Cheight=400%2Cq=99%2Csharpen=1%2Cwidth=400/wp-content/uploads/apryze.jpg",
        "teamJogador": "NRG",
        "teamPhotoJogador": "https://cdn.discordapp.com/attachments/1152325417483649078/1156276308385468456/nrg.png?ex=651704ba&is=6515b33a&hm=47d6c082f3161ab7c9ef0a607efc793e4f139bf4f0cb2a81487946a644ca3bca&"
    },
    
    {
        "id": "212",
        "nickJogador": "SkittleCakes",
        "nameJogador": "William August",
        "countryJogador": "Estados Unidos",
        "countryPhotoJogador": "https://cdn.discordapp.com/attachments/1152325417483649078/1157048508734521465/us.png?ex=651730e5&is=6515df65&hm=4eb9de86602dcbbcd4fbc7eea7944f1edefc3ecb752073edd61d6157350fc0a8&",
        "birthdayJogador": "21/05/1999",
        "photoJogador": "https://prosettings.net/cdn-cgi/image/dpr=1%2Cf=auto%2Cfit=contain%2Cheight=400%2Cq=99%2Csharpen=1%2Cwidth=400/wp-content/uploads/skittlecakes.png",
        "teamJogador": "OpTic Gaming",
        "teamPhotoJogador": "https://cdn.discordapp.com/attachments/1152325417483649078/1156275933175623680/optic-gaming.png?ex=65170461&is=6515b2e1&hm=816e4306d0c8aaaf72f9e52cb95ca44abe56449d9315d415a84c95b64b39d6c9&"
    },
    {
        "id": "213",
        "nickJogador": "Sweet",
        "nameJogador": "Christopher Sexton",
        "countryJogador": "Estados Unidos",
        "countryPhotoJogador": "https://cdn.discordapp.com/attachments/1152325417483649078/1157048508734521465/us.png?ex=651730e5&is=6515df65&hm=4eb9de86602dcbbcd4fbc7eea7944f1edefc3ecb752073edd61d6157350fc0a8&",
        "birthdayJogador": "02/07/1999",
        "photoJogador": "https://prosettings.net/cdn-cgi/image/dpr=1%2Cf=auto%2Cfit=contain%2Cheight=400%2Cq=99%2Csharpen=1%2Cwidth=400/wp-content/uploads/sweet.png",
        "teamJogador": "NRG",
        "teamPhotoJogador": "https://cdn.discordapp.com/attachments/1152325417483649078/1156276308385468456/nrg.png?ex=651704ba&is=6515b33a&hm=47d6c082f3161ab7c9ef0a607efc793e4f139bf4f0cb2a81487946a644ca3bca&"
    },
    {
        "id": "214",
        "nickJogador": "Reps",
        "nameJogador": "Jordan Wolfe",
        "countryJogador": "Estados Unidos",
        "countryPhotoJogador": "https://cdn.discordapp.com/attachments/1152325417483649078/1157048508734521465/us.png?ex=651730e5&is=6515df65&hm=4eb9de86602dcbbcd4fbc7eea7944f1edefc3ecb752073edd61d6157350fc0a8&",
        "birthdayJogador": "23/04/1995",
        "photoJogador": "https://prosettings.net/cdn-cgi/image/dpr=1%2Cf=auto%2Cfit=contain%2Cheight=400%2Cq=99%2Csharpen=1%2Cwidth=400/wp-content/uploads/reps.png",
        "teamJogador": "TSM",
        "teamPhotoJogador": "https://cdn.discordapp.com/attachments/1152325417483649078/1157054830154633286/tsm.png?ex=651736c8&is=6515e548&hm=a0d1128780c80d915683922707c22bf8d93a752366c77d40f29e2606347aed6a&"
    },
    
]
 
 
