[
    
    {
        "id": "205",
        "nickJogador": "Paluh",
        "nameJogador": "Luccas Molina",
        "countryJogador": "Brasil",
        "countryPhotoJogador": "https://cdn.discordapp.com/attachments/1152325417483649078/1157043088892633169/br.png?ex=65172bd9&is=6515da59&hm=8021ade5028f821b43192affb650fa73080a50660b22fa2473a9bda451e2c965&",
        "birthdayJogador": "29/02/2000",
        "photoJogador": "https://prosettings.net/cdn-cgi/image/dpr=1%2Cf=auto%2Cfit=contain%2Cheight=400%2Cq=99%2Csharpen=1%2Cwidth=400/wp-content/uploads/paluh.png",
        "teamJogador": "Team Liquid",
        "teamPhotoJogador": "https://cdn.discordapp.com/attachments/1152325417483649078/1156276308695863397/team-liquid.png?ex=651704ba&is=6515b33a&hm=1da79bb618c6bd6fd808667bb814828ac5c94632d2f511073a4dae1ef00df97f&"
    },
    
    {
        "id": "206",
        "nickJogador": "Lagonis",
        "nameJogador": "Lorenzo Volpi",
        "countryJogador": "Brasil",
        "countryPhotoJogador": "https://cdn.discordapp.com/attachments/1152325417483649078/1157043088892633169/br.png?ex=65172bd9&is=6515da59&hm=8021ade5028f821b43192affb650fa73080a50660b22fa2473a9bda451e2c965&",
        "birthdayJogador": "10/01/2002",
        "photoJogador": "https://prosettings.net/cdn-cgi/image/dpr=1%2Cf=auto%2Cfit=contain%2Cheight=400%2Cq=99%2Csharpen=1%2Cwidth=400/wp-content/uploads/lagonis.png",
        "teamJogador": "Team Liquid",
        "teamPhotoJogador": "https://cdn.discordapp.com/attachments/1152325417483649078/1156276308695863397/team-liquid.png?ex=651704ba&is=6515b33a&hm=1da79bb618c6bd6fd808667bb814828ac5c94632d2f511073a4dae1ef00df97f&"
    },
    
    {
        "id": "207",
        "nickJogador": "MacieJay",
        "nameJogador": "Maciej Dzikowski",
        "countryJogador": "Estados Unidos",
        "countryPhotoJogador": "https://cdn.discordapp.com/attachments/1152325417483649078/1157048508734521465/us.png?ex=651730e5&is=6515df65&hm=4eb9de86602dcbbcd4fbc7eea7944f1edefc3ecb752073edd61d6157350fc0a8&",
        "birthdayJogador": "05/11/1990",
        "photoJogador": "https://prosettings.net/cdn-cgi/image/dpr=1%2Cf=auto%2Cfit=contain%2Cheight=400%2Cq=99%2Csharpen=1%2Cwidth=400/wp-content/uploads/maciejay.png",
        "teamJogador": "TSM",
        "teamPhotoJogador": "https://cdn.discordapp.com/attachments/1152325417483649078/1157054830154633286/tsm.png?ex=651736c8&is=6515e548&hm=a0d1128780c80d915683922707c22bf8d93a752366c77d40f29e2606347aed6a&"
    },
    {
        "id": "208",
        "nickJogador": "Achieved",
        "nameJogador": "Matthew Solomon",
        "countryJogador": "Estados Unidos",
        "countryPhotoJogador": "https://cdn.discordapp.com/attachments/1152325417483649078/1157048508734521465/us.png?ex=651730e5&is=6515df65&hm=4eb9de86602dcbbcd4fbc7eea7944f1edefc3ecb752073edd61d6157350fc0a8&",
        "birthdayJogador": "17/09/1997",
        "photoJogador": "https://prosettings.net/cdn-cgi/image/dpr=1%2Cf=auto%2Cfit=contain%2Cheight=400%2Cq=99%2Csharpen=1%2Cwidth=400/wp-content/uploads/achieved.png",
        "teamJogador": "DarkZero Esports",
        "teamPhotoJogador": "https://prosettings.net/cdn-cgi/image/dpr=1%2Cf=auto%2Cfit=cover%2Cheight=36%2Cq=85%2Cwidth=36/wp-content/uploads/darkzero-esports.png"
    },
    {
        "id": "209",
        "nickJogador": "Alem4o",
        "nameJogador": "Karl Zarth",
        "countryJogador": "Brasil",
        "countryPhotoJogador": "https://cdn.discordapp.com/attachments/1152325417483649078/1157043088892633169/br.png?ex=65172bd9&is=6515da59&hm=8021ade5028f821b43192affb650fa73080a50660b22fa2473a9bda451e2c965&",
        "birthdayJogador": "18/10/2001",
        "photoJogador": "https://prosettings.net/cdn-cgi/image/dpr=1%2Cf=auto%2Cfit=contain%2Cheight=400%2Cq=99%2Csharpen=1%2Cwidth=400/wp-content/uploads/alem4o.png",
        "teamJogador": "G2 Esports",
        "teamPhotoJogador": "https://cdn.discordapp.com/attachments/1152325417483649078/1156301823204925480/g2-esports.png?ex=65171c7d&is=6515cafd&hm=32e1627424c9c6d985bffc44d2465d47e2c2dfd4a8a3c9a72f1c58303b95370e&"
    },
    
]
 
 
