[
    {
        "id": "11",
        "nameJogos": "PUBG",
        "desenvolvedoraJogos": "Player Unknown",
        "descricaoJogos": "PUBG é um jogo Battle Royale multijogador competitivo feito por Player Unknown.",
        "photoJogos": "https://cdn.discordapp.com/attachments/1152325417483649078/1156320818712817684/pubg-2.png?ex=65148b2e&is=651339ae&hm=83a673f8810274a0a87e3972d73a42b45429fde00944158a40093a85f8554187&"
    },
    {
        "id": "12",
        "nameJogos": "Overwatch 2",
        "desenvolvedoraJogos": "Blizzard Entertainment",
        "descricaoJogos": "Overwatch 2 é um jogo competitivo de tiro em primeira pessoa multijogador baseado em equipes 5v5 feito pela Blizzard Entertainment.",
        "photoJogos": "https://cdn.discordapp.com/attachments/1152325417483649078/1157013216841449502/overwatch.png?ex=65171007&is=6515be87&hm=08e103bf0cb0677186856bec267f97d2130db5955e73398b68aad11dec7f3203&"
    },
    {
        "id": "13",
        "nameJogos": "Valorant",
        "desenvolvedoraJogos": "Riot Games",
        "descricaoJogos": "VALORANT é um jogo de tiro em primeira pessoa gratuito desenvolvido e publicado pela Riot Games. É 5v5, competitivo e baseado em personagens.",
        "photoJogos": "https://cdn.discordapp.com/attachments/1152325417483649078/1156320819060932608/valorant-logo.png?ex=65148b2e&is=651339ae&hm=5e33aeb92b239b518fa2c4c62f4fde411e5cb54385fe9364ee0a3e2027860030&"
    },
    {
        "id": "14",
        "nameJogos": "DOTA 2",
        "desenvolvedoraJogos": "Valve",
        "descricaoJogos": "Dota 2 é um jogo competitivo MOBA (multiplayer online battle arena) feito pela Valve.",
        "photoJogos": "https://cdn.discordapp.com/attachments/1152325417483649078/1156321871428591626/dota2-logo.png?ex=65148c29&is=65133aa9&hm=83d08e30a32eb772d2cb8e78d53b356d7aa4d0326ed696331fd2bb39f118694b&g"
    },
    {
        "id": "15",
        "nameJogos": "Apex Legends",
        "desenvolvedoraJogos": "Respawn Entertainment",
        "descricaoJogos": "Apex Legends é um jogo eletrônico free-to-play do gênero battle royale desenvolvido pela Respawn Entertainment e publicado pela Electronic Arts.",
        "photoJogos": "https://cdn.discordapp.com/attachments/1152325417483649078/1156321870614909009/apex-legends-logo-test.png?ex=65148c29&is=65133aa9&hm=bdf63512a05c160b0ec824f1c8cd6c8cc953b4d21fbf3578c9fbc43cb881e3ee&"
    },
    {
        "id": "16",
        "nameJogos": "Fortnite",
        "desenvolvedoraJogos": "Epic Games",
        "descricaoJogos": "Fortnite é um jogo Battle Royale gratuito com um cenário competitivo próspero.",
        "photoJogos": "https://cdn.discordapp.com/attachments/1152325417483649078/1156321872003215550/fortnite-logo-test.png?ex=65148c29&is=65133aa9&hm=5a8dec8fafc7d6cc0188f849d3a6aba261a4481b74251bc75d801746bd4539d5&"
    },
    {
        "id": "17",
        "nameJogos": "Counter Strike",
        "desenvolvedoraJogos": "Valve",
        "descricaoJogos": "Counter-Strike: Global Offensive é um jogo de tiro em primeira pessoa multijogador desenvolvido pela Valve e Hidden Path Entertainment. É o quarto jogo da série Counter-Strike.",
        "photoJogos": "https://cdn.discordapp.com/attachments/1152325417483649078/1156322785178693702/counter-strike-global-offensive-logo.png?ex=65148d03&is=65133b83&hm=2ffa6fdbe5bdb9dcb5e90e473e7cc1c02d0d03427be5b343e97bb8dd07743fc0&"
    },
    {
        "id": "18",
        "nameJogos": "Rainbow Six Siege",
        "desenvolvedoraJogos": "Ubisoft",
        "descricaoJogos": "Rainbow Six Siege de Tom Clancy é um jogo de tiro tático online competitivo feito pela Ubisoft.",
        "photoJogos": "https://cdn.discordapp.com/attachments/1152325417483649078/1156322785870741645/rainbow6-logo.png?ex=65148d03&is=65133b83&hm=1de93e71d5e7d98ea67650e3e40cbdc0c80416833cf2d16f66de6d51f09629f4&"
    },
    {
        "id": "19",
        "nameJogos": "League Of Legends",
        "desenvolvedoraJogos": "Riot Games",
        "descricaoJogos": "League of Legends (LoL ou League) é um jogo competitivo MOBA (multiplayer online battle arena) feito pela Riot Games.",
        "photoJogos": "https://cdn.discordapp.com/attachments/1152325417483649078/1156322785442926702/league-of-legends-logo.png?ex=65148d03&is=65133b83&hm=c901276b9596316a4e61b56015d03dfe390f9ce736a6622a474f7cad0adbeb20&"
    }
]
